Affirmation,Tag
The peace inside of my heart is the peace that is deeper than all
understanding,gratitude
Like the depths of the ocean; my mind is calm and peaceful at each moment,gratitude
I experience gratitude for everything I have in my life,gratitude
I always receive exactly what I ask for and appreciate that,gratitude
I am grateful for excellent health; prosperity and true love,gratitude
My life is filled with an abundance of goodness,gratitude
Gratitude brings me into a harmonious relationship with everyone.,gratitude
Happiness expands within me; it lightens my life and touches everyone I
meet,gratitude
Joy floods my thoughts and my life,gratitude
 I release all negativity and hold joy in my heart,gratitude
 I am overcome with gratitude for the bliss that fills my life.,gratitude
 I accept the good that is flowing into my life,gratitude
 I display a natural sense of wonder,gratitude
 My whole world is viewed through the eyes of wonder and excitement.,gratitude
 I view life through innocence; purity; and curiosity,gratitude
 Everything is mysterious and absolutely incredible,gratitude
 I am worthy to receive the unlimited offerings of the Universe,gratitude
 I affirm only the best for myself and others,gratitude
 I am so grateful for supportive friends and a loving family,gratitude
 I appreciate everything I have in my life,gratitude
 I am always open to receive more blessings,gratitude
 I see the beauty in nature that surrounds me,gratitude
 I give thanks for the helpful people that guide me in this life journey,gratitude
 I am filled with a calm that comes from God,gratitude
 I am graced with God’s creative energy.,gratitude
 I openly express the true nature of the Divine.,gratitude
 I am creatively expressing my highest potential.,gratitude
 I am a powerful body; a powerful mind; and a powerful soul,gratitude
 I am accepted and loved by everyone I meet,gratitude
 I let the physics of unwavering faith do the marvelous work for me,gratitude
 The Divine breath flows through me and blesses me,gratitude
 I am a channel for love and healing,gratitude
 Everything I need comes to me,gratitude
 All is well in my life; I am truly blessed,gratitude
 All things are working together for good in my life,gratitude
 I dwell in the presence of God’s eternal love,gratitude
 All that my heart desires will come to pass,gratitude
 Life is unfolding perfectly,gratitude
 Life has great things in store for me,gratitude
 I give thanks and praise for all things,gratitude
 I welcome positive change into my life,gratitude
 I learn from every situation I encounter,gratitude
 I am continually aligned with my higher purpose,gratitude
 At every turn; good fortune appears before me,gratitude
 My faith is making me whole,gratitude
 My environment is peaceful and serene,gratitude
 Joy is in my heart and in my life.,gratitude
 I project joy to everyone I interact with,gratitude
 I live in a natural state of joyfulness,gratitude
 I clearly see joy in my surroundings,gratitude
 Joy is abundant all around me,gratitude
 Joy builds within my soul and bursts into my life in unexpected ways,gratitude
 I joyfully honor the flow of life,gratitude
 Divine love washes over me and delivers me to blissful places,gratitude
 Joy is mine right here right now.,gratitude
 Through gratitude my world expands,gratitude
 I acknowledge the blessings I have received in my life with gratitude,gratitude
All my prospects bring me abundant good fortune.,blessing
Amazing coincidences come into my life on a regular basis.,blessing
At every turn; opportunity appears before me.,blessing
Endless opportunities appear in my life.,blessing
Every day brings me endless joy.,blessing
Every day I am surrounded by an abundance of opportunities.,blessing
Everything I do brings me great success.,blessing
Fantastic new opportunities come into my life every day.,blessing
Fantastic opportunities greet me at every turn.,blessing
 Good news visits me regularly.,blessing
 Good things keep on happening to me.,blessing
 Great things keep blessing my life.,blessing
 I affirm abundant blessings and miracles throughout my day.,blessing
 I am a vacuum for beneficial circumstances.,blessing
 I expect great things to happen every day of my life.,blessing
 I expect the best and I always get it.,blessing
 I experience great blessings and miracles every day.,blessing
 I see endless opportunities before me.,blessing
 I welcome serendipity in my life.,blessing
 I am constantly offered great business opportunities. ,blessing
 I live each and every day with unlimited blessings and miracles.,blessing
 Miracles bless my life every day.,blessing
 My life is constantly attracting blessings and miracles.,blessing
 My positive mindset ensures that I am always blessed.,blessing
 My run of blessings and miracles is endless. ,blessing
 Serendipity is my constant companion.,blessing
 Terrific opportunities come to me every day.,blessing
 The smarter I work; the more blessed I am. ,blessing
 Things have a marvelous way of always working out for me.,blessing
 Things have an amazing way of always working in my favor.,blessing
 Today I bless my being with limitless good fortune. ,blessing
 Today I welcome abundant good luck into my life. ,blessing
 With every breath I take I am bringing more blessings into my life.,blessing
 Positive things always happen to me.,blessing
 I always think positively. ,blessing
 My sincere gratitude attractsmore things to be thankful for. ,blessing
 New and exciting opportunities are always coming my way. ,blessing
 My thoughts are powerful and constructive. ,blessing
 I attract good fortune; wealth; and prosperity.,blessing
 I attract great and helpful friends.,blessing
 I make friends with successful people.,blessing
 I cultivate a network of successful friends.,blessing
 I give generously to others. ,blessing
 I am blessed in every aspect of my life.,blessing
 I attract successful people who generously share with me.,blessing
 I am constantly offered great jobs.,blessing
 I attract all manner of good things to me. ,blessing
 I am a fortunate and blessed person.,blessing
 I expect the best and I get it.,blessing
 Whatever is good for me is coming to me easily and effortlessly. ,blessing
 I always get everything that is for my highest good. ,blessing
 Life always gives me what is best for me. ,blessing
 I deserve the best and it comes to me at the right time. ,blessing
 I attract my greatest good now. ,blessing
 My highest good is manifesting in my life right now. ,blessing
 I attract wonderful experiences. ,blessing
 I feel great joy and happiness.,blessing
 Miracles manifest every day in wondrous ways. ,blessing
 I am so happy and grateful that I am a magnet for miracles. ,blessing
 My life is propelled by a vision to make the world a better place. ,blessing
 I am extremely lucky in every area of my life. ,blessing
 I choose to behold a world of abundance; joy; and endless giving. ,blessing
 I deserve miracles. ,blessing
 I celebrate the miracle of life every day. ,blessing
 I am blessed with perfect health. ,blessing
 Miracles are a natural part of living and giving. ,blessing
 My awareness of my wholeness attracts abundance into my life. ,blessing
 Everything miraculous is restored to me now. ,blessing
 My loving thoughts give me all that i want. ,blessing
 The brilliant light within me dispels all lack in my life. ,blessing
 I am experiencing wonderful miracles of love and friendship. ,blessing
 Today is full of miracles. ,blessing
 Great relationships come to me. ,blessing
 Divine health is mine. ,blessing
 I am divinely guided in all that I do. ,blessing
 My thoughts and actions are empowered with supernatural luck. ,blessing
 Miracles now follow miracles and God's blessings never cease.,blessing
